Word	Definition	page_content
AA	Auto-attack:les attaques de base d'un personnage.	AA : Auto-attack:les attaques de base d'un personnage.
ACE	All Champions Eliminated:L'équipe entière éliminée au même moment.	ACE : All Champions Eliminated:L'équipe entière éliminée au même moment.
AD	Attack Damage:Dégâts physique / d'attaque (à l'inverse de dégâts magiques)	AD : Attack Damage:Dégâts physique / d'attaque (à l'inverse de dégâts magiques)
AD carry / ADC	Désigne à la fois les tireurs en général ( ex. Tristana Jinx...) et le rôle du joueur de la voie du bas (où sont généralement joués les tireurs. L'ADC est un personnage généralement très faible en début de partie et très puissantà la fin mais très fragile. Son objectif est d'infliger un maximum de dégâts physiques.	AD carry / ADC : Désigne à la fois les tireurs en général ( ex. Tristana Jinx...) et le rôle du joueur de la voie du bas (où sont généralement joués les tireurs. L'ADC est un personnage généralement très faible en début de partie et très puissantà la fin mais très fragile. Son objectif est d'infliger un maximum de dégâts physiques.
AFK	Away From Keyboard:Personne ne jouant plus, comme si elle était partie faire autre chose.	AFK : Away From Keyboard:Personne ne jouant plus, comme si elle était partie faire autre chose.
Agro	Agressif / agresser / agressé:avoir l'agro = se faire agresser (par exempel avoir l'agro de la tourelle ou d'un monstre). Jouer agro = jouer agressif.	Agro : Agressif / agresser / agressé:avoir l'agro = se faire agresser (par exempel avoir l'agro de la tourelle ou d'un monstre). Jouer agro = jouer agressif.
AOE	Area Of Effect:Zone d'effet (d'un sort par exemple). On parle par exemple de sorts en AOE pour parler de sorts de zone.	AOE : Area Of Effect:Zone d'effet (d'un sort par exemple). On parle par exemple de sorts en AOE pour parler de sorts de zone.
All-in	Jouer très agressif en ne se laissant pas de porte de sortie. Tout tenter.	All-in : Jouer très agressif en ne se laissant pas de porte de sortie. Tout tenter.
Animation Cancel	Interrompre une animation d’attaque ou de sort pour enchaîner plus rapidement (ex:Riven).	Animation Cancel : Interrompre une animation d’attaque ou de sort pour enchaîner plus rapidement (ex:Riven).
AP	Ability Power. Dégâts magiques (à l'inverse des dégâts physiques).	AP : Ability Power. Dégâts magiques (à l'inverse des dégâts physiques).
AP carry	Personnage faisant beaucoup de dégâts magiques (un mage généralement.	AP carry : Personnage faisant beaucoup de dégâts magiques (un mage généralement.
ARAM	"All Random All Mid:Mode de jeu sur la carte ""abîme hurlant"" contenant une seule voie où chacun a un personnage aléatoire."	"ARAM : All Random All Mid:Mode de jeu sur la carte ""abîme hurlant"" contenant une seule voie où chacun a un personnage aléatoire."
Armor	Armure:statistiques offrant de la résistance aux dégâts physiques.	Armor : Armure:statistiques offrant de la résistance aux dégâts physiques.
AS	Attack Speed:fréquence à laquelle un personnage lance des attaques de base. Acheter de l'AS permet d'augmenter cette fréquence.	AS : Attack Speed:fréquence à laquelle un personnage lance des attaques de base. Acheter de l'AS permet d'augmenter cette fréquence.
Assist	Assister un personnage dans une élimination. Cela vous octroi de l'or et de l'expérience.	Assist : Assister un personnage dans une élimination. Cela vous octroi de l'or et de l'expérience.
Auto Reset	Attaque de base qui peut être réinitialisée plus rapidement avec certains sorts ou objets (ex:le Z de Jax)	Auto Reset : Attaque de base qui peut être réinitialisée plus rapidement avec certains sorts ou objets (ex:le Z de Jax)
Back	Utiliser son rappel. Le rappel permet de se téléporter à la base pour récupérer son points de vie et achter des objets.	Back : Utiliser son rappel. Le rappel permet de se téléporter à la base pour récupérer son points de vie et achter des objets.
Backdoor 	Backdoor:Chercher à terminer la partie pas surprise quand les adversaires ne s'y attendent pas.	Backdoor  : Backdoor:Chercher à terminer la partie pas surprise quand les adversaires ne s'y attendent pas.
Back Timing	Moment optimal pour faire un rappel (recall), souvent après avoir push une vague.	Back Timing : Moment optimal pour faire un rappel (recall), souvent après avoir push une vague.
Bait 	Bait:Appâter. Jouer l'appât pour que les adversaires vous attaquent et ainsi leur tendre un piège.	Bait  : Bait:Appâter. Jouer l'appât pour que les adversaires vous attaquent et ainsi leur tendre un piège.
Ban	Bannir. Un bannissement se dit d'un champion (vous bannissez un champion en draft et ranked au début de la partie) et d'un compte (en se comportant mal, un joueur peut être banni du jeu).	Ban : Bannir. Un bannissement se dit d'un champion (vous bannissez un champion en draft et ranked au début de la partie) et d'un compte (en se comportant mal, un joueur peut être banni du jeu).
Baron	Baron ou Nashor ou Baron Nashor:Monstre épique apparaissant à 25 minutes et conférant de très grands bonus à l'équipe qui l'élimine.	Baron : Baron ou Nashor ou Baron Nashor:Monstre épique apparaissant à 25 minutes et conférant de très grands bonus à l'équipe qui l'élimine.
BG	Bad Game. Mauvaise partie.	BG : Bad Game. Mauvaise partie.
Blue buff	"Désigne le golem dans la jungle, ""cimier d'éveil"". Son élimination procure une grande régénération en mana."	"Blue buff : Désigne le golem dans la jungle, ""cimier d'éveil"". Son élimination procure une grande régénération en mana."
Boosted	Joueur qui a été monté de manière artificielle (souvent par quelqu’un d’autre).	Boosted : Joueur qui a été monté de manière artificielle (souvent par quelqu’un d’autre).
Bot	Désigne la botlane (voie du bas) ou un personnage contrôlé par l'IA.	Bot : Désigne la botlane (voie du bas) ou un personnage contrôlé par l'IA.
Botlane 	Botlane:Voie du bas.	Botlane  : Botlane:Voie du bas.
BRB	Be Right Back. Signifie:je reviens vite. Cela est généralement utilisé pour dire qu'un utilise son back.	BRB : Be Right Back. Signifie:je reviens vite. Cela est généralement utilisé pour dire qu'un utilise son back.
Bruiser	Combattant. Les bruisers sont des personnages à mi-chemin entre un tank et un assassin. Ils profitent à la fois de grand dégâts et d'un forme de résistance. Généralement, leur faiblesse vient de leur manque de mobilité (ex. Garen).	Bruiser : Combattant. Les bruisers sont des personnages à mi-chemin entre un tank et un assassin. Ils profitent à la fois de grand dégâts et d'un forme de résistance. Généralement, leur faiblesse vient de leur manque de mobilité (ex. Garen).
BTW	By the way. Au passage.	BTW : By the way. Au passage.
Buff	Effet augmentant des statistiques.	Buff : Effet augmentant des statistiques.
Build	Construction. Les objets (et parfois les runes) qu'utilise un champion. On peut par exemple dire qu'on build de l'AD pour dire qu'on achète un objet conférant des dégâts physiques.	Build : Construction. Les objets (et parfois les runes) qu'utilise un champion. On peut par exemple dire qu'on build de l'AD pour dire qu'on achète un objet conférant des dégâts physiques.
Burst 	Burst:Le fait d'infliger de très lourds dégâts en très peu de temps.	Burst  : Burst:Le fait d'infliger de très lourds dégâts en très peu de temps.
Bush / brush	Buisson. Lorsque vous êtes dans un buisson, vous êtes invisibles tant qu'un adversaire ne rentre pas dedans ou que vous ne lancez pas un sort.	Bush / brush : Buisson. Lorsque vous êtes dans un buisson, vous êtes invisibles tant qu'un adversaire ne rentre pas dedans ou que vous ne lancez pas un sort.
Care	Fait de faire attention.	Care : Fait de faire attention.
Carry	Porter. Se dit d'un joueur ou personnage qui porte la partie à lui tout seul sur ses épaules:l'équipe gagne grâce à lui.	Carry : Porter. Se dit d'un joueur ou personnage qui porte la partie à lui tout seul sur ses épaules:l'équipe gagne grâce à lui.
CC	Crowd Control. Les contrôles de foules sont des sorts restreignants les déplacements des adversaires (étourdissements, ralentissements, neutralisations etc.)	CC : Crowd Control. Les contrôles de foules sont des sorts restreignants les déplacements des adversaires (étourdissements, ralentissements, neutralisations etc.)
CD	Cooldown. Temps de récupération durant lequel vous ne pouvez plus faire une action (ex. lancer un sort).	CD : Cooldown. Temps de récupération durant lequel vous ne pouvez plus faire une action (ex. lancer un sort).
CDR	Cooldown Reduction. Réduction des délais de récupération, permettant d'effectuer une action plus rapidement en réduisant le délai durant lequel vous ne pouvez plus la faire.	CDR : Cooldown Reduction. Réduction des délais de récupération, permettant d'effectuer une action plus rapidement en réduisant le délai durant lequel vous ne pouvez plus la faire.
Champion pool	Ensemble des champion qu'un joueur est capable de jouer convenablement.	Champion pool : Ensemble des champion qu'un joueur est capable de jouer convenablement.
Chase	Poursuivre. Courir après un adversaire afin de l'éliminer.	Chase : Poursuivre. Courir après un adversaire afin de l'éliminer.
Cheater Recall	Retour à la base très tôt (généralement après avoir hard push une wave) pour prendre un petit avantage en lane sans perdre de sbires.	Cheater Recall : Retour à la base très tôt (généralement après avoir hard push une wave) pour prendre un petit avantage en lane sans perdre de sbires.
Cheese	Stratégie atypique et inattendue utilisée pour surprendre l'adversaire. Généralement assez risqué.	Cheese : Stratégie atypique et inattendue utilisée pour surprendre l'adversaire. Généralement assez risqué.
Cleanse	"Sort d’invocateur ""Purge"", qui permet de retirer la plupart des effets négatifs (contrôles, ralentissements…)."	"Cleanse : Sort d’invocateur ""Purge"", qui permet de retirer la plupart des effets négatifs (contrôles, ralentissements…)."
Coinflip	Décision ou situation très risquée, avec un résultat imprévisible (50/50).	Coinflip : Décision ou situation très risquée, avec un résultat imprévisible (50/50).
Core item	Objet central dans le build d’un champion. C’est un objet indispensable pour qu’il soit vraiment efficace.	Core item : Objet central dans le build d’un champion. C’est un objet indispensable pour qu’il soit vraiment efficace.
Cover	Protéger un coéquipier, souvent en début de partie, pour éviter qu’il se fasse surprendre. Exemple:rester près de son jungler pendant qu’il fait ses premiers monstres.	Cover : Protéger un coéquipier, souvent en début de partie, pour éviter qu’il se fasse surprendre. Exemple:rester près de son jungler pendant qu’il fait ses premiers monstres.
Counter gank	Aller volontairement à l’endroit où le jungler ennemi va intervenir, pour le surprendre à votre tour.	Counter gank : Aller volontairement à l’endroit où le jungler ennemi va intervenir, pour le surprendre à votre tour.
Counter jungle	Entrer dans la jungle ennemie pour y voler des monstres et ralentir l’adversaire.	Counter jungle : Entrer dans la jungle ennemie pour y voler des monstres et ralentir l’adversaire.
Counter pick	Choisir un champion qui a un avantage direct sur un autre, afin de prendre l’ascendant sur la phase de lane.	Counter pick : Choisir un champion qui a un avantage direct sur un autre, afin de prendre l’ascendant sur la phase de lane.
Creep	"Nom anglais pour ""sbire"". Ce sont les petites unités contrôlées par le jeu qui apparaissent sur les lignes."	"Creep : Nom anglais pour ""sbire"". Ce sont les petites unités contrôlées par le jeu qui apparaissent sur les lignes."
Crit	Coup critique. Un coup qui inflige plus de dégâts que la normale.	Crit : Coup critique. Un coup qui inflige plus de dégâts que la normale.
CS	"Abréviation de ""Creep Score"", soit le nombre de sbires que vous avez éliminés. On parle aussi de ""prendre un CS"" pour dire ""récupérer un sbire""."	"CS : Abréviation de ""Creep Score"", soit le nombre de sbires que vous avez éliminés. On parle aussi de ""prendre un CS"" pour dire ""récupérer un sbire""."
Dash	Saut rapide, sur une courte distance. Permet de se repositionner ou de traverser un mur. Exemple:le E de Lucian.	Dash : Saut rapide, sur une courte distance. Permet de se repositionner ou de traverser un mur. Exemple:le E de Lucian.
DC	"""Disconnected"", c’est-à-dire qu’un joueur a été déconnecté du jeu."	"DC : ""Disconnected"", c’est-à-dire qu’un joueur a été déconnecté du jeu."
Debuff	Effet négatif qui affaiblit votre champion (réduction d’armure, de vitesse, etc.).	Debuff : Effet négatif qui affaiblit votre champion (réduction d’armure, de vitesse, etc.).
Depop	Se dit quand un joueur ou une équipe meurt très rapidement, presque instantanément.	Depop : Se dit quand un joueur ou une équipe meurt très rapidement, presque instantanément.
Deny	Empêcher l’adversaire d’obtenir quelque chose. Par exemple, se mettre entre lui et ses sbires pour l’empêcher de les tuer.	Deny : Empêcher l’adversaire d’obtenir quelque chose. Par exemple, se mettre entre lui et ses sbires pour l’empêcher de les tuer.
Desync	Décalage dans le tempo d’une équipe (un joueur recall, un autre engage…). Peut coûter un objectif ou un fight.	Desync : Décalage dans le tempo d’une équipe (un joueur recall, un autre engage…). Peut coûter un objectif ou un fight.
Diff (ex: Jungle diff)	Diff (ex:Jungle diff):Forme abrégée de “la différence vient de ce rôle” (souvent utilisé pour râler et expliquer à cause de qui on a perdu).	Diff (ex: Jungle diff) : Diff (ex:Jungle diff):Forme abrégée de “la différence vient de ce rôle” (souvent utilisé pour râler et expliquer à cause de qui on a perdu).
Dive	Attaquer un ennemi sous sa tour, même si cela vous met en danger.	Dive : Attaquer un ennemi sous sa tour, même si cela vous met en danger.
Dodge	Esquiver un sort ennemi par un bon mouvement.	Dodge : Esquiver un sort ennemi par un bon mouvement.
DoT (Damage over Time)	Dégâts sur la durée. Par exemple, un sort qui brûle votre adversaire pendant quelques secondes.	DoT (Damage over Time) : Dégâts sur la durée. Par exemple, un sort qui brûle votre adversaire pendant quelques secondes.
DPS (Damage per Second)	Dégâts par seconde. Désigne les champions qui infligent des dégâts en continu (ex.:Jinx, Cassiopeia…).	DPS (Damage per Second) : Dégâts par seconde. Désigne les champions qui infligent des dégâts en continu (ex.:Jinx, Cassiopeia…).
Drake / Dragon	Monstre neutre offrant des bonus très puissants à l’équipe qui le tue. Il existe plusieurs types de dragons, chacun avec un effet différent (dégâts, régénération, vitesse, etc.).	Drake / Dragon : Monstre neutre offrant des bonus très puissants à l’équipe qui le tue. Il existe plusieurs types de dragons, chacun avec un effet différent (dégâts, régénération, vitesse, etc.).
Duo-Q	Jouer une partie classée avec un ami, ce qui permet souvent une meilleure communication.	Duo-Q : Jouer une partie classée avec un ami, ce qui permet souvent une meilleure communication.
Dynamic-Q	Idem que Duo-Q, mais avec plusieurs amis.	Dynamic-Q : Idem que Duo-Q, mais avec plusieurs amis.
Early Game	Début de partie. Période où tout le monde est encore assez faible et se concentre sur le farming et les premiers échanges.	Early Game : Début de partie. Période où tout le monde est encore assez faible et se concentre sur le farming et les premiers échanges.
Elo	Système de classement caché qui détermine votre niveau et vous fait jouer avec des gens de niveau similaire.	Elo : Système de classement caché qui détermine votre niveau et vous fait jouer avec des gens de niveau similaire.
Elo Hell	Expression utilisée (souvent à tort) pour dire qu’on est bloqué à un certain niveau à cause de ses coéquipiers.	Elo Hell : Expression utilisée (souvent à tort) pour dire qu’on est bloqué à un certain niveau à cause de ses coéquipiers.
Engage	Initier un combat. Cela peut se faire par un sort, un flash, ou une agression directe.	Engage : Initier un combat. Cela peut se faire par un sort, un flash, ou une agression directe.
Exhaust	"Sort d’invocateur ""Fatigue"", qui réduit les dégâts et la vitesse de l’ennemi."	"Exhaust : Sort d’invocateur ""Fatigue"", qui réduit les dégâts et la vitesse de l’ennemi."
F	"Abréviation pour ""Flash"". On peut par exemple dire ""no F mid"" pour signaler que le midlaner n’a plus de flash."	"F : Abréviation pour ""Flash"". On peut par exemple dire ""no F mid"" pour signaler que le midlaner n’a plus de flash."
Facecheck	Entrer dans un buisson sans vision. Risque élevé de tomber dans un piège.	Facecheck : Entrer dans un buisson sans vision. Risque élevé de tomber dans un piège.
Fail	"Rater une action. On peut aussi dire ""faire une Domingo"" pour rigoler quand on se loupe (par exemple, flasher dans un mur)."	"Fail : Rater une action. On peut aussi dire ""faire une Domingo"" pour rigoler quand on se loupe (par exemple, flasher dans un mur)."
Farm	Récupérer de l’or en tuant des sbires ou des monstres.	Farm : Récupérer de l’or en tuant des sbires ou des monstres.
FB (First Blood)	Premier kill de la partie.	FB (First Blood) : Premier kill de la partie.
Feed	Mourir plusieurs fois face au même ennemi et lui donner beaucoup d’avantage.	Feed : Mourir plusieurs fois face au même ennemi et lui donner beaucoup d’avantage.
Feeder	"Joueur qui ""feed"", c’est-à-dire qui meurt trop souvent et donne trop d’or à l’adversaire."	"Feeder : Joueur qui ""feed"", c’est-à-dire qui meurt trop souvent et donne trop d’or à l’adversaire."
FF (Forfeit)	"Demander l’abandon. Souvent utilisé sous la forme ""FF @ 20"" ou ""FF15) pour dire ""abandon à la 20e ou 15e minute""."	"FF (Forfeit) : Demander l’abandon. Souvent utilisé sous la forme ""FF @ 20"" ou ""FF15) pour dire ""abandon à la 20e ou 15e minute""."
Flame	Critiquer ou insulter un joueur. À éviter absolument.	Flame : Critiquer ou insulter un joueur. À éviter absolument.
Flamer	Joueur qui insulte ou râle régulièrement.	Flamer : Joueur qui insulte ou râle régulièrement.
Flank	Attaquer l’ennemi par les côtés, souvent pour surprendre ses carrys.	Flank : Attaquer l’ennemi par les côtés, souvent pour surprendre ses carrys.
Flank TP	Téléportation utilisée dans le dos de l’adversaire pour initier un flank.	Flank TP : Téléportation utilisée dans le dos de l’adversaire pour initier un flank.
Flash	Sort d’invocateur très utilisé permettant de se téléporter sur une courte distance.	Flash : Sort d’invocateur très utilisé permettant de se téléporter sur une courte distance.
Flash in / out	Utiliser son Flash de manière agressive pour initier (in) ou défensive pour fuir (out).	Flash in / out : Utiliser son Flash de manière agressive pour initier (in) ou défensive pour fuir (out).
Focus	"Se concentrer sur une cible. Exemple:""focus le carry"", c’est-à-dire se coordonner pour éliminer le carry adverse."	"Focus : Se concentrer sur une cible. Exemple:""focus le carry"", c’est-à-dire se coordonner pour éliminer le carry adverse."
Free Farm	Pouvoir farmer tranquillement, sans être dérangé par un adversaire.	Free Farm : Pouvoir farmer tranquillement, sans être dérangé par un adversaire.
Freeze	Bloquer la vague de sbires pour qu’elle reste à un endroit précis, généralement près de sa tour.	Freeze : Bloquer la vague de sbires pour qu’elle reste à un endroit précis, généralement près de sa tour.
FTW (For The Win)	Pour gagner. Se dit quand une action est décisive pour remporter la partie.	FTW (For The Win) : Pour gagner. Se dit quand une action est décisive pour remporter la partie.
Gank	Intervention surprise d’un ou plusieurs alliés sur une lane pour créer un surnombre et tenter un kill. Généralement réalisé par le jungler.	Gank : Intervention surprise d’un ou plusieurs alliés sur une lane pour créer un surnombre et tenter un kill. Généralement réalisé par le jungler.
Gap Closer	Sort qui permet de se rapprocher rapidement d’un ennemi. Exemple:le A de Vi ou le E de Xin Zhao.	Gap Closer : Sort qui permet de se rapprocher rapidement d’un ennemi. Exemple:le A de Vi ou le E de Xin Zhao.
GG (Good Game)	Belle partie. Utilisé en fin de match pour saluer les joueurs.	GG (Good Game) : Belle partie. Utilisé en fin de match pour saluer les joueurs.
Ghost	"Sort d’invocateur ""Fantôme"", qui augmente fortement la vitesse de déplacement pendant quelques secondes."	"Ghost : Sort d’invocateur ""Fantôme"", qui augmente fortement la vitesse de déplacement pendant quelques secondes."
GJ (Good Job)	Bien joué. Félicitation à un joueur pour une belle action.	GJ (Good Job) : Bien joué. Félicitation à un joueur pour une belle action.
GL (Good Luck)	Bonne chance. Utilisé avant le début de la partie.	GL (Good Luck) : Bonne chance. Utilisé avant le début de la partie.
Global	Sort qui peut toucher ou affecter toute la carte. Exemple:l’ultime de Shen ou Gangplank.	Global : Sort qui peut toucher ou affecter toute la carte. Exemple:l’ultime de Shen ou Gangplank.
Greed	"Comportement trop avide, vouloir ""trop"" (ex:chase un kill inutile) et en subir les conséquences."	"Greed : Comportement trop avide, vouloir ""trop"" (ex:chase un kill inutile) et en subir les conséquences."
Harass	Harceler. Infliger des petits dégâts répétés à l’adversaire pour l’empêcher de jouer sereinement.	Harass : Harceler. Infliger des petits dégâts répétés à l’adversaire pour l’empêcher de jouer sereinement.
Heal	"Sort d’invocateur ""Soin"", qui rend de la vie à vous et à un allié proche."	"Heal : Sort d’invocateur ""Soin"", qui rend de la vie à vous et à un allié proche."
HF (Have Fun)	"Amuse-toi bien. Souvent utilisé avec GL:""GL HF""."	"HF (Have Fun) : Amuse-toi bien. Souvent utilisé avec GL:""GL HF""."
HP (Health Points)	Points de vie. Quand ils tombent à zéro, vous êtes mort.	HP (Health Points) : Points de vie. Quand ils tombent à zéro, vous êtes mort.
Hyper Carry	Champion très faible early mais monstrueux en late s’il est bien protégé (ex:Vayne, Jinx…).	Hyper Carry : Champion très faible early mais monstrueux en late s’il est bien protégé (ex:Vayne, Jinx…).
IA (Intelligence Artificielle)	Désigne un bot, un personnage contrôlé par l’ordinateur.	IA (Intelligence Artificielle) : Désigne un bot, un personnage contrôlé par l’ordinateur.
Ignite	"Sort d’invocateur ""Embrasement"", qui inflige des dégâts sur le temps et réduit les soins reçus par la cible."	"Ignite : Sort d’invocateur ""Embrasement"", qui inflige des dégâts sur le temps et réduit les soins reçus par la cible."
INC (Incoming)	"""J’arrive"" ou ""attention, quelque chose arrive"", souvent utilisé dans le chat ou en ping."	"INC (Incoming) : ""J’arrive"" ou ""attention, quelque chose arrive"", souvent utilisé dans le chat ou en ping."
Income	Vos revenus en or, que ce soit par le farm, les assists ou les kills.	Income : Vos revenus en or, que ce soit par le farm, les assists ou les kills.
Inhib (Inhibiteur)	Structure située dans la base ennemie. Quand elle est détruite, des super-sbires apparaissent dans la ligne correspondante.	Inhib (Inhibiteur) : Structure située dans la base ennemie. Quand elle est détruite, des super-sbires apparaissent dans la ligne correspondante.
Invade	Pénétrer dans la jungle ennemie, souvent en début de partie, pour voler des monstres ou prendre un kill par surprise.	Invade : Pénétrer dans la jungle ennemie, souvent en début de partie, pour voler des monstres ou prendre un kill par surprise.
Insec	Combo spectaculaire souvent réalisé avec Lee Sin:il s’agit de passer derrière un ennemi et de le repousser dans votre équipe à l’aide d’un kick (R), souvent avec une ward jump ou un flash.	Insec : Combo spectaculaire souvent réalisé avec Lee Sin:il s’agit de passer derrière un ennemi et de le repousser dans votre équipe à l’aide d’un kick (R), souvent avec une ward jump ou un flash.
Int (Intentional Feed)	Mourir volontairement, ou de façon si absurde qu’on peut se poser la question.	Int (Intentional Feed) : Mourir volontairement, ou de façon si absurde qu’on peut se poser la question.
Item	"Objet que vous achetez avec votre or pour améliorer votre champion. L’ensemble de vos objets est souvent appelé votre ""stuff""."	"Item : Objet que vous achetez avec votre or pour améliorer votre champion. L’ensemble de vos objets est souvent appelé votre ""stuff""."
Interrupt	Interrompre un sort canalisé (téléportation, ultime, etc.) avec un contrôle ou une attaque.	Interrupt : Interrompre un sort canalisé (téléportation, ultime, etc.) avec un contrôle ou une attaque.
Interruption	Tuer un ennemi en série pour mettre fin à ses kills et obtenir un bonus d’or.	Interruption : Tuer un ennemi en série pour mettre fin à ses kills et obtenir un bonus d’or.
Jungle	Partie de la carte entre les lignes, remplie de monstres neutres.	Jungle : Partie de la carte entre les lignes, remplie de monstres neutres.
Jungler	Joueur chargé de tuer les monstres de la jungle, d’obtenir les buffs et de ganker les lanes.	Jungler : Joueur chargé de tuer les monstres de la jungle, d’obtenir les buffs et de ganker les lanes.
Juke	Esquive rusée. Action d’éviter un sort ou un ennemi par un mouvement imprévisible.	Juke : Esquive rusée. Action d’éviter un sort ou un ennemi par un mouvement imprévisible.
Kite	Attaquer un adversaire tout en reculant pour rester hors de sa portée. Technique courante pour les ADC.	Kite : Attaquer un adversaire tout en reculant pour rester hors de sa portée. Technique courante pour les ADC.
Knock Back	Repousser violemment un ennemi (ex.:l’ultime de Tristana).	Knock Back : Repousser violemment un ennemi (ex.:l’ultime de Tristana).
Knock Up	Envoyer un ennemi en l’air. L’un des contrôles les plus forts car difficilement contrable.	Knock Up : Envoyer un ennemi en l’air. L’un des contrôles les plus forts car difficilement contrable.
KS (Kill Steal)	"Voler un kill. Peut être mal vu… ou bien vu selon le contexte ! Certains préfèrent dire ""Kill Secured""."	"KS (Kill Steal) : Voler un kill. Peut être mal vu… ou bien vu selon le contexte ! Certains préfèrent dire ""Kill Secured""."
Lane	Voie. Il en existe trois:top, mid, et bot.	Lane : Voie. Il en existe trois:top, mid, et bot.
Lane Gank	Gank direct en passant par la lane au lieu de la jungle ou d’un buisson.	Lane Gank : Gank direct en passant par la lane au lieu de la jungle ou d’un buisson.
Lane Swap	Échanger de lane avec un coéquipier, soit pour éviter un mauvais match-up, soit pour appliquer une stratégie.	Lane Swap : Échanger de lane avec un coéquipier, soit pour éviter un mauvais match-up, soit pour appliquer une stratégie.
Laning Phase	Début de partie où chacun reste sur sa lane pour farmer et poser les bases du match.	Laning Phase : Début de partie où chacun reste sur sa lane pour farmer et poser les bases du match.
Last Hit	Donner le dernier coup à un sbire ou monstre pour obtenir l’or.	Last Hit : Donner le dernier coup à un sbire ou monstre pour obtenir l’or.
Late Game	Dernière phase de la partie (généralement après 35-40 minutes), où chaque erreur peut coûter très cher.	Late Game : Dernière phase de la partie (généralement après 35-40 minutes), où chaque erreur peut coûter très cher.
Leash	Aider son jungler à faire son premier camp en tapant les monstres sans prendre l’XP.	Leash : Aider son jungler à faire son premier camp en tapant les monstres sans prendre l’XP.
Life Steal	Vol de vie. Vous récupérez une partie des PV infligés par vos auto-attaques.	Life Steal : Vol de vie. Vous récupérez une partie des PV infligés par vos auto-attaques.
Line-up	Composition d’équipe.	Line-up : Composition d’équipe.
Macro	Jeu global, stratégique:placement, vision, objectifs. C’est ce qui fait souvent la différence à haut niveau.	Macro : Jeu global, stratégique:placement, vision, objectifs. C’est ce qui fait souvent la différence à haut niveau.
Magic Penetration	Statistique permettant de réduire l’impact de la résistance magique adverse.	Magic Penetration : Statistique permettant de réduire l’impact de la résistance magique adverse.
Magic Resist	Résistance magique, réduit les dégâts magiques reçus.	Magic Resist : Résistance magique, réduit les dégâts magiques reçus.
Main	Champion ou rôle principal que vous jouez le plus souvent.	Main : Champion ou rôle principal que vous jouez le plus souvent.
Map Control	Contrôle de la carte grâce à la vision, à la pression sur les lanes ou aux rotations.	Map Control : Contrôle de la carte grâce à la vision, à la pression sur les lanes ou aux rotations.
Masteries	Ancien système d’attribution de points de talents (aujourd’hui remplacé par les runes).	Masteries : Ancien système d’attribution de points de talents (aujourd’hui remplacé par les runes).
Mate	Coéquipier.	Mate : Coéquipier.
Matchup	"Opposition entre deux champions. On dit qu’un match-up est ""gagnant"", ""perdant"" ou ""équilibré""."	"Matchup : Opposition entre deux champions. On dit qu’un match-up est ""gagnant"", ""perdant"" ou ""équilibré""."
Map Awareness	Attention portée à la carte. Être capable de lire et comprendre ce qu’il se passe sur l’ensemble de la map.	Map Awareness : Attention portée à la carte. Être capable de lire et comprendre ce qu’il se passe sur l’ensemble de la map.
Melee	Champion de corps à corps, qui attaque à courte portée.	Melee : Champion de corps à corps, qui attaque à courte portée.
Mental Boom	"Perte totale de lucidité à cause du tilt. Le joueur est mentalement ""hors-jeu""."	"Mental Boom : Perte totale de lucidité à cause du tilt. Le joueur est mentalement ""hors-jeu""."
Meta	"Style de jeu dominant du moment. Certains champions ou objets deviennent ""meta"" lorsqu’ils sont plus forts que les autres à un instant donné."	"Meta : Style de jeu dominant du moment. Certains champions ou objets deviennent ""meta"" lorsqu’ils sont plus forts que les autres à un instant donné."
Micro	Capacité mécanique à bien exécuter les actions individuelles:esquiver, bien se positionner, gérer ses sorts.	Micro : Capacité mécanique à bien exécuter les actions individuelles:esquiver, bien se positionner, gérer ses sorts.
Mid Game	Phase intermédiaire. La laning phase se termine, les objectifs deviennent prioritaires et les déplacements en groupe commencent.	Mid Game : Phase intermédiaire. La laning phase se termine, les objectifs deviennent prioritaires et les déplacements en groupe commencent.
Mid	Abréviation pour la midlane, la voie du milieu.	Mid : Abréviation pour la midlane, la voie du milieu.
Misaya	Combo inventé par le joueur Misaya, consistant à ulti avec Twisted Fate en plein milieu de l’ennemi puis à activer Zhonya pour éviter les dégâts.	Misaya : Combo inventé par le joueur Misaya, consistant à ulti avec Twisted Fate en plein milieu de l’ennemi puis à activer Zhonya pour éviter les dégâts.
Miss	Adversaire absent de la carte. Sert à prévenir d’un danger potentiel.	Miss : Adversaire absent de la carte. Sert à prévenir d’un danger potentiel.
MP (Mana Points)	Points de mana. Nécessaires pour utiliser des sorts.	MP (Mana Points) : Points de mana. Nécessaires pour utiliser des sorts.
Mute All	Stratégie consistant à muter tous les joueurs pour se concentrer.	Mute All : Stratégie consistant à muter tous les joueurs pour se concentrer.
Nerf	Affaiblissement d’un champion ou d’un objet dans un patch.	Nerf : Affaiblissement d’un champion ou d’un objet dans un patch.
NVM (Nevermind)	"""Laisse tomber"", ""oublie ce que j’ai dit""."	"NVM (Nevermind) : ""Laisse tomber"", ""oublie ce que j’ai dit""."
Objective Bounty	Mécanique de comeback:si une équipe est trop derrière, des récompenses s'activent sur les objectifs.	Objective Bounty : Mécanique de comeback:si une équipe est trop derrière, des récompenses s'activent sur les objectifs.
OMW (On My Way)	"""J’arrive"", souvent utilisé en ping ou dans le chat pour prévenir."	"OMW (On My Way) : ""J’arrive"", souvent utilisé en ping ou dans le chat pour prévenir."
OOM (Out of Mana)	"""Je n’ai plus de mana"", donc plus de sorts à lancer."	"OOM (Out of Mana) : ""Je n’ai plus de mana"", donc plus de sorts à lancer."
OP (Overpowered)	Trop fort. Se dit d’un champion ou objet trop puissant.	OP (Overpowered) : Trop fort. Se dit d’un champion ou objet trop puissant.
OTP (One Trick Pony)	Joueur qui ne joue qu’un seul champion.	OTP (One Trick Pony) : Joueur qui ne joue qu’un seul champion.
Outfarm	Avoir plus de farm que son adversaire.	Outfarm : Avoir plus de farm que son adversaire.
Outplay	Gagner un duel ou un combat grâce à un meilleur jeu mécanique ou décisionnel.	Outplay : Gagner un duel ou un combat grâce à un meilleur jeu mécanique ou décisionnel.
Outsustain	Tenir plus longtemps que l’ennemi sur la lane grâce à plus de régénération ou de soins.	Outsustain : Tenir plus longtemps que l’ennemi sur la lane grâce à plus de régénération ou de soins.
Out of Position	Être mal placé. Souvent la cause de morts évitables.	Out of Position : Être mal placé. Souvent la cause de morts évitables.
Outrotate	Se faire battre sur la prise d’objectifs parce que l’équipe adverse se déplace plus vite ou mieux.	Outrotate : Se faire battre sur la prise d’objectifs parce que l’équipe adverse se déplace plus vite ou mieux.
Overextend	Aller trop loin sans soutien, ce qui rend facile à punir.	Overextend : Aller trop loin sans soutien, ce qui rend facile à punir.
Passive	Compétence passive d’un champion. C’est un effet qui se déclenche automatiquement, sans avoir besoin d’être activé. Certains champions en ont plusieurs.	Passive : Compétence passive d’un champion. C’est un effet qui se déclenche automatiquement, sans avoir besoin d’être activé. Certains champions en ont plusieurs.
Peel	Protéger ses alliés fragiles (souvent les ADC ou mages) en repoussant ou contrôlant les ennemis qui essaient de les atteindre.	Peel : Protéger ses alliés fragiles (souvent les ADC ou mages) en repoussant ou contrôlant les ennemis qui essaient de les atteindre.
Pick	"Choisir un champion. On parle aussi de ""bon pick"" pour désigner un bon choix face à la composition ennemie."	"Pick : Choisir un champion. On parle aussi de ""bon pick"" pour désigner un bon choix face à la composition ennemie."
Ping	Système de signalement rapide en jeu (Alt + clic). Sert à prévenir, alerter ou demander quelque chose à vos coéquipiers.	Ping : Système de signalement rapide en jeu (Alt + clic). Sert à prévenir, alerter ou demander quelque chose à vos coéquipiers.
Pink Ward	"Balise de vision (devenue ""Balise de contrôle"") qui révèle les unités invisibles à proximité."	"Pink Ward : Balise de vision (devenue ""Balise de contrôle"") qui révèle les unités invisibles à proximité."
Play for	"Jouer pour un objectif, une lane ou un joueur (ex:""Play for drake"", ""Play for top"")."	"Play for : Jouer pour un objectif, une lane ou un joueur (ex:""Play for drake"", ""Play for top"")."
Playmaker	Champion capable de réaliser des actions décisives grâce à son kit de sorts. Ex:Lee Sin, Thresh…	Playmaker : Champion capable de réaliser des actions décisives grâce à son kit de sorts. Ex:Lee Sin, Thresh…
Plays	Actions bien réalisées, souvent spectaculaires ou très efficaces.	Plays : Actions bien réalisées, souvent spectaculaires ou très efficaces.
PO (Pièces d’or)	Or du jeu, utilisé pour acheter vos objets.	PO (Pièces d’or) : Or du jeu, utilisé pour acheter vos objets.
Poke	Infliger des dégâts à distance de manière répétée, pour affaiblir l’adversaire sans prendre de risques.	Poke : Infliger des dégâts à distance de manière répétée, pour affaiblir l’adversaire sans prendre de risques.
Power Spike	Moment où un champion devient très fort (ex:niveau 6, 2 objets…).	Power Spike : Moment où un champion devient très fort (ex:niveau 6, 2 objets…).
Premade	Joueurs qui lancent une partie ensemble (groupe d’amis ou duoQ).	Premade : Joueurs qui lancent une partie ensemble (groupe d’amis ou duoQ).
Priority / Prio	Contrôle d’une lane permettant de se déplacer en premier sur un objectif ou aider ailleurs.	Priority / Prio : Contrôle d’une lane permettant de se déplacer en premier sur un objectif ou aider ailleurs.
Proxy	Technique avancée consistant à tuer les sbires ennemis entre leurs deux tours, pour mettre beaucoup de pression sur la lane.	Proxy : Technique avancée consistant à tuer les sbires ennemis entre leurs deux tours, pour mettre beaucoup de pression sur la lane.
Pull	Aider son jungler au début de la partie en tapant le monstre pour lui faciliter son premier camp.	Pull : Aider son jungler au début de la partie en tapant le monstre pour lui faciliter son premier camp.
Push	Tuer rapidement les sbires ennemis pour faire avancer sa vague et menacer une tour.	Push : Tuer rapidement les sbires ennemis pour faire avancer sa vague et menacer une tour.
Q Spell	"Sort assigné à la touche ""A"" sur clavier Azerty (ou ""Q"" sur Qwerty). Le premier sort du champion."	"Q Spell : Sort assigné à la touche ""A"" sur clavier Azerty (ou ""Q"" sur Qwerty). Le premier sort du champion."
QSS (Quicksilver Sash)	Objet qui permet de retirer les contrôles (très utile contre Malzahar ou Skarner, par exemple).	QSS (Quicksilver Sash) : Objet qui permet de retirer les contrôles (très utile contre Malzahar ou Skarner, par exemple).
QQ	Smiley pleurnichard (comme T_T). Utilisé pour se moquer d’un joueur qui râle ou abandonne.	QQ : Smiley pleurnichard (comme T_T). Utilisé pour se moquer d’un joueur qui râle ou abandonne.
Range	Portée. Distance maximale à laquelle un sort ou une auto-attaque peut toucher.	Range : Portée. Distance maximale à laquelle un sort ou une auto-attaque peut toucher.
Ranked	Partie classée. Permet de monter dans les divisions (de Fer à Challenger).	Ranked : Partie classée. Permet de monter dans les divisions (de Fer à Challenger).
Recall	Retourner à la base avec le rappel (touche B), pour acheter des objets et régénérer.	Recall : Retourner à la base avec le rappel (touche B), pour acheter des objets et régénérer.
Red Buff	Bonus de la jungle qui ralentit les ennemis et inflige des dégâts sur la durée quand vous les auto-attaquez.	Red Buff : Bonus de la jungle qui ralentit les ennemis et inflige des dégâts sur la durée quand vous les auto-attaquez.
Report	Signaler un joueur pour comportement toxique ou triche après une partie.	Report : Signaler un joueur pour comportement toxique ou triche après une partie.
Reset		
Retard	Insulte très dure. À éviter absolument.	Retard : Insulte très dure. À éviter absolument.
Runes	Bonus choisis avant la partie, influençant votre style de jeu (plus de dégâts, sustain, vitesse, etc.).	Runes : Bonus choisis avant la partie, influençant votre style de jeu (plus de dégâts, sustain, vitesse, etc.).
Roam	Quitter sa lane pour aider une autre (souvent effectué par les mids ou supports).	Roam : Quitter sa lane pour aider une autre (souvent effectué par les mids ou supports).
Root	Immobilisation par les racines. Sorte de contrôle qui empêche de se déplacer, mais pas de lancer des sorts.	Root : Immobilisation par les racines. Sorte de contrôle qui empêche de se déplacer, mais pas de lancer des sorts.
Rotation	Se déplacer avec son équipe pour prendre les objectifs un à un (tour, dragon, etc.).	Rotation : Se déplacer avec son équipe pour prendre les objectifs un à un (tour, dragon, etc.).
RQ (Rage Quit)	Quitter la partie en plein tilt. Mauvais pour l’équipe… et souvent reporté.	RQ (Rage Quit) : Quitter la partie en plein tilt. Mauvais pour l’équipe… et souvent reporté.
Scale	Monter en puissance. Certains champions sont très faibles au début, mais deviennent très forts avec le temps (ex.:Kassadin, Vayne…).	Scale : Monter en puissance. Certains champions sont très faibles au début, mais deviennent très forts avec le temps (ex.:Kassadin, Vayne…).
Shotcaller	Joueur qui donne les calls principaux (décisions stratégiques).	Shotcaller : Joueur qui donne les calls principaux (décisions stratégiques).
Side Lane	Lignes du haut et du bas (top et bot).	Side Lane : Lignes du haut et du bas (top et bot).
Shove	Pousser la lane rapidement pour faire avancer les sbires sous la tour ennemie.	Shove : Pousser la lane rapidement pour faire avancer les sbires sous la tour ennemie.
Skill		
Skill Order	Ordre dans lequel vous améliorez vos sorts au fil des niveaux.	Skill Order : Ordre dans lequel vous améliorez vos sorts au fil des niveaux.
Skill Shot	Sort qui nécessite de viser. Peut rater si l’adversaire esquive (ex.:le A de Morgana).	Skill Shot : Sort qui nécessite de viser. Peut rater si l’adversaire esquive (ex.:le A de Morgana).
Slow	Ralentissement. Réduit la vitesse de déplacement d’un ennemi.	Slow : Ralentissement. Réduit la vitesse de déplacement d’un ennemi.
Smartcast	Option de lancement rapide des sorts. Le sort est lancé dès que vous appuyez sur la touche, sans viser manuellement.	Smartcast : Option de lancement rapide des sorts. Le sort est lancé dès que vous appuyez sur la touche, sans viser manuellement.
Smite	"Sort d’invocateur ""Châtiment"", utilisé par les junglers pour tuer rapidement les monstres."	"Smite : Sort d’invocateur ""Châtiment"", utilisé par les junglers pour tuer rapidement les monstres."
Smurf	Compte secondaire d’un joueur de haut niveau pour jouer à plus bas elo.	Smurf : Compte secondaire d’un joueur de haut niveau pour jouer à plus bas elo.
Snare	Contrôle qui ralentit ou immobilise l’adversaire (parfois synonyme de root/slow).	Snare : Contrôle qui ralentit ou immobilise l’adversaire (parfois synonyme de root/slow).
Snowball	Effet boule de neige. Quand un joueur prend de l’avance et devient de plus en plus fort grâce à cet avantage initial.	Snowball : Effet boule de neige. Quand un joueur prend de l’avance et devient de plus en plus fort grâce à cet avantage initial.
Solo-Q	Jouer seul en partie classée (à l’inverse du duo ou premade).	Solo-Q : Jouer seul en partie classée (à l’inverse du duo ou premade).
Spell Vamp	Vol de vie magique. Vous vous soignez en infligeant des dégâts avec vos sorts.	Spell Vamp : Vol de vie magique. Vous vous soignez en infligeant des dégâts avec vos sorts.
Split Push	Stratégie où un joueur part seul pousser une lane pendant que son équipe met la pression ailleurs.	Split Push : Stratégie où un joueur part seul pousser une lane pendant que son équipe met la pression ailleurs.
Squishy	Fragile. Se dit d’un champion qui encaisse très mal les dégâts (ADC, mages...).	Squishy : Fragile. Se dit d’un champion qui encaisse très mal les dégâts (ADC, mages...).
SS	"Signal pour dire qu’un ennemi est ""missing"" (disparu de la lane)."	"SS : Signal pour dire qu’un ennemi est ""missing"" (disparu de la lane)."
Stack	Accumulation. Peut désigner des charges d’un objet, d’un sort, ou des bonus cumulés (ex:Mejai, Nasus…).	Stack : Accumulation. Peut désigner des charges d’un objet, d’un sort, ou des bonus cumulés (ex:Mejai, Nasus…).
Starter	Objets achetés en tout début de partie (ex:anneau de Doran, épée longue, potion rechargeable...).	Starter : Objets achetés en tout début de partie (ex:anneau de Doran, épée longue, potion rechargeable...).
Stealth	Furtivité. Rendre votre champion invisible.	Stealth : Furtivité. Rendre votre champion invisible.
Strongside	Côté de la carte priorisé (en général, là où le jungler joue).	Strongside : Côté de la carte priorisé (en général, là où le jungler joue).
Stuff	Équipement. Ensemble des objets achetés par votre champion.	Stuff : Équipement. Ensemble des objets achetés par votre champion.
Stun	Contrôle fort qui empêche tout mouvement et action.	Stun : Contrôle fort qui empêche tout mouvement et action.
Sum / Summoner	"Abréviation de ""Sort d’invocateur"", comme Flash ou Ignite."	"Sum / Summoner : Abréviation de ""Sort d’invocateur"", comme Flash ou Ignite."
Supp / Support	Champion dont le rôle est de soutenir l’équipe, protéger ses alliés et apporter de la vision.	Supp / Support : Champion dont le rôle est de soutenir l’équipe, protéger ses alliés et apporter de la vision.
Surr / Surrender	Se rendre. Voter pour abandonner la partie.	Surr / Surrender : Se rendre. Voter pour abandonner la partie.
Sustain	Capacité à rester longtemps en vie sur la lane ou dans les combats, grâce à des soins, du vol de vie ou de la régénération.	Sustain : Capacité à rester longtemps en vie sur la lane ou dans les combats, grâce à des soins, du vol de vie ou de la régénération.
Swap Lane	Échanger sa lane avec un allié, souvent pour des raisons stratégiques (éviter un match-up difficile ou surprendre).	Swap Lane : Échanger sa lane avec un allié, souvent pour des raisons stratégiques (éviter un match-up difficile ou surprendre).
Teamplay	Jouer pour l’équipe. Se coordonner, communiquer, protéger ses coéquipiers…	Teamplay : Jouer pour l’équipe. Se coordonner, communiquer, protéger ses coéquipiers…
Teamwork	Synonyme de Teamplay. Travail d’équipe.	Teamwork : Synonyme de Teamplay. Travail d’équipe.
Tempo	Désigne le rythme d’une équipe ou d’un joueur. Avoir le tempo signifie souvent avoir l’initiative pour jouer un objectif ou forcer un mouvement.	Tempo : Désigne le rythme d’une équipe ou d’un joueur. Avoir le tempo signifie souvent avoir l’initiative pour jouer un objectif ou forcer un mouvement.
Tenacity	Réduction de la durée des contrôles. Par exemple, 20 % de ténacité réduit un stun d’1 seconde à 0.8 seconde.	Tenacity : Réduction de la durée des contrôles. Par exemple, 20 % de ténacité réduit un stun d’1 seconde à 0.8 seconde.
Trade	Échange pendant un duel (PV contre PV, mana contre sorts, etc.). L’objectif est d’échanger à votre avantage.	Trade : Échange pendant un duel (PV contre PV, mana contre sorts, etc.). L’objectif est d’échanger à votre avantage.
Trinket	Objet gratuit permettant de placer de la vision sur la carte.	Trinket : Objet gratuit permettant de placer de la vision sur la carte.
Taunt	Provocation. Contrôle forçant l’adversaire à vous attaquer.	Taunt : Provocation. Contrôle forçant l’adversaire à vous attaquer.
TY (Thank You)	Merci.	TY (Thank You) : Merci.
Tank	Champion résistant, capable d’encaisser les dégâts pour son équipe.	Tank : Champion résistant, capable d’encaisser les dégâts pour son équipe.
Teamfight	Combat de groupe impliquant plusieurs joueurs de chaque équipe.	Teamfight : Combat de groupe impliquant plusieurs joueurs de chaque équipe.
Throw	Gâcher une partie bien engagée par une mauvaise décision ou un excès de confiance.	Throw : Gâcher une partie bien engagée par une mauvaise décision ou un excès de confiance.
Tilt	État émotionnel négatif (frustration, rage…) qui impacte la prise de décision.	Tilt : État émotionnel négatif (frustration, rage…) qui impacte la prise de décision.
Top	Voie du haut.	Top : Voie du haut.
Tower Dive	Plonger sous une tour ennemie pour tuer un adversaire malgré les tirs de la tour.	Tower Dive : Plonger sous une tour ennemie pour tuer un adversaire malgré les tirs de la tour.
Toxic	Négatif, insultant, nuisible au bon déroulement de la partie.	Toxic : Négatif, insultant, nuisible au bon déroulement de la partie.
True Damage	Dégâts bruts. Ils ignorent les résistances de la cible.	True Damage : Dégâts bruts. Ils ignorent les résistances de la cible.
TP	"Abréviation du sort ""Téléportation"". Parfois aussi utilisé pour ""Teamplay"", selon le contexte."	"TP : Abréviation du sort ""Téléportation"". Parfois aussi utilisé pour ""Teamplay"", selon le contexte."
Troll	Joueur qui sabote volontairement la partie, par bêtise ou provocation.	Troll : Joueur qui sabote volontairement la partie, par bêtise ou provocation.
Tryhard	Jouer à fond, être très concentré et chercher à gagner à tout prix.	Tryhard : Jouer à fond, être très concentré et chercher à gagner à tout prix.
Turtle	Tactique très défensive visant à faire durer la partie et attendre une opportunité ou un pic de puissance.	Turtle : Tactique très défensive visant à faire durer la partie et attendre une opportunité ou un pic de puissance.
Ult (Ultimate)	Sort ultime du champion, généralement le plus puissant. Se débloque au niveau 6.	Ult (Ultimate) : Sort ultime du champion, généralement le plus puissant. Se débloque au niveau 6.
Vertical Jungle	"Partage de la jungle ""de haut en bas"" plutôt que ""de gauche à droite"" (souvent après un invade)."	"Vertical Jungle : Partage de la jungle ""de haut en bas"" plutôt que ""de gauche à droite"" (souvent après un invade)."
Ward	Balise de vision. Permet de voir les déplacements ennemis et d’éviter les surprises.	Ward : Balise de vision. Permet de voir les déplacements ennemis et d’éviter les surprises.
Weakside	Côté de la carte délaissé par le jungler ou l’équipe. Le joueur en weakside doit jouer safe.	Weakside : Côté de la carte délaissé par le jungler ou l’équipe. Le joueur en weakside doit jouer safe.
Wombo Combo	Enchaînement de sorts d’équipe dévastateur, souvent bien coordonné.	Wombo Combo : Enchaînement de sorts d’équipe dévastateur, souvent bien coordonné.
WP (Well Played)	Bien joué.	WP (Well Played) : Bien joué.
Win Condition	Condition de victoire. L’élément ou stratégie clé qui permettra à votre équipe de gagner (ex:scaling d’un hyper carry, splitpush, teamfight...).	Win Condition : Condition de victoire. L’élément ou stratégie clé qui permettra à votre équipe de gagner (ex:scaling d’un hyper carry, splitpush, teamfight...).
Winions	"Jeu de mots entre ""win"" et ""minions"". Situation où les sbires finissent la partie en détruisant les objectifs."	"Winions : Jeu de mots entre ""win"" et ""minions"". Situation où les sbires finissent la partie en détruisant les objectifs."
xPeke	Référence à un backdoor mythique réalisé par le joueur xPeke. Se dit d’une victoire arrachée en solo en sneaky dans la base ennemie.	xPeke : Référence à un backdoor mythique réalisé par le joueur xPeke. Se dit d’une victoire arrachée en solo en sneaky dans la base ennemie.
Zone	"""Zoner"" un ennemi, c’est l’empêcher d’approcher d’une zone importante (sbires, objectif...) sous peine de prendre des dégâts ou un contrôle."	"Zone : ""Zoner"" un ennemi, c’est l’empêcher d’approcher d’une zone importante (sbires, objectif...) sous peine de prendre des dégâts ou un contrôle."
Zoning Tool	Sort ou élément utilisé pour contrôler un espace sans forcément faire des kills (ex:barils de Gangplank, tourelle d’Heimer).	Zoning Tool : Sort ou élément utilisé pour contrôler un espace sans forcément faire des kills (ex:barils de Gangplank, tourelle d’Heimer).
